{
  "W1": [
    [
      -0.0011635219386305481,
      0.004130713644534472
    ],
    [
      0.006412600047309614,
      -0.004311001865195218
    ],
    [
      -0.0016648454373677827,
      0.010627670435959002
    ]
  ],
  "b1": [
    0.0,
    0.0
  ],
  "W2": [
    [
      -0.00024622701799386764,
      -0.003171266003422235,
      0.008593449565052516,
      -0.008544098116239277
    ],
    [
      0.0032550552130377686,
      -0.0032569670049916372,
      -0.00022375648409284462,
      -0.007528254287558587
    ]
  ],
  "b2": [
    0.0,
    0.0,
    0.0,
    0.0
  ]
}